{"my_iter5": [0.67140921409214094, 0.7127371273712737, 0.70392953929539293, 0.69783197831978316, 0.69579945799457998, 0.69376693766937669, 0.69647696476964771, 0.69783197831978316, 0.69783197831978316, 0.69783197831978316, 0.69715447154471544, 0.69376693766937669, 0.69376693766937669, 0.69376693766937669, 0.68699186991869921, 0.6822493224932249, 0.6822493224932249, 0.68157181571815717, 0.68157181571815717, 0.68157181571815717, 0.68157181571815717, 0.68157181571815717, 0.68157181571815717, 0.66937669376693765, 0.66937669376693765, 0.66666666666666663, 0.66666666666666663, 0.66666666666666663, 0.66666666666666663, 0.66666666666666663], "my_iter4": [0.65853658536585369, 0.70392953929539293, 0.71138211382113825, 0.71612466124661245, 0.71951219512195119, 0.73238482384823844, 0.73170731707317072, 0.72560975609756095, 0.72831978319783197, 0.72628726287262868, 0.72560975609756095, 0.71883468834688347, 0.71747967479674801, 0.71544715447154472, 0.71205962059620598, 0.71205962059620598, 0.71205962059620598, 0.7127371273712737, 0.7127371273712737, 0.7127371273712737, 0.7127371273712737, 0.7127371273712737, 0.70934959349593496, 0.70731707317073167, 0.70731707317073167, 0.70731707317073167, 0.68902439024390238, 0.68902439024390238, 0.68902439024390238, 0.70867208672086723], "my_iter2": [0.65921409214092141, 0.69241192411924124, 0.70189701897018975, 0.714769647696477, 0.72086720867208676, 0.72764227642276424, 0.72831978319783197, 0.74051490514905149, 0.73983739837398377, 0.73983739837398377, 0.74119241192411922, 0.73780487804878048, 0.73780487804878048, 0.7289972899728997, 0.7289972899728997, 0.72560975609756095, 0.72560975609756095, 0.72222222222222221, 0.72222222222222221, 0.72222222222222221, 0.71409214092140927, 0.70731707317073167, 0.70731707317073167, 0.70731707317073167, 0.70731707317073167, 0.70731707317073167, 0.69241192411924124, 0.69241192411924124, 0.68495934959349591, 0.68495934959349591], "my_iter1": [0.64972899728997291, 0.66192411924119243, 0.69105691056910568, 0.70257452574525747, 0.70799457994579951, 0.70528455284552849, 0.70663956639566394, 0.71409214092140927, 0.70934959349593496, 0.70867208672086723, 0.70867208672086723, 0.70867208672086723, 0.70867208672086723, 0.70799457994579951, 0.70663956639566394, 0.69579945799457998, 0.69579945799457998, 0.69376693766937669, 0.69376693766937669, 0.68766937669376693, 0.68428184281842819, 0.68428184281842819, 0.68428184281842819, 0.68428184281842819, 0.68428184281842819, 0.68428184281842819, 0.68428184281842819, 0.66802168021680219, 0.66802168021680219, 0.66802168021680219], "my_iter3": [0.67005420054200537, 0.71070460704607041, 0.72289972899728994, 0.71951219512195119, 0.71815718157181574, 0.72018970189701892, 0.7289972899728997, 0.72628726287262868, 0.72222222222222221, 0.72018970189701892, 0.71680216802168017, 0.714769647696477, 0.70934959349593496, 0.70799457994579951, 0.71070460704607041, 0.71070460704607041, 0.70663956639566394, 0.70663956639566394, 0.70663956639566394, 0.70663956639566394, 0.70663956639566394, 0.70460704607046065, 0.69308943089430897, 0.69308943089430897, 0.68089430894308944, 0.68089430894308944, 0.68089430894308944, 0.67208672086720866, 0.67208672086720866, 0.67208672086720866], "hyper_range": [2, 52, 102, 152, 202, 252, 302, 352, 402, 452, 502, 552, 602, 652, 702, 752, 802, 852, 902, 952, 1002, 1052, 1102, 1152, 1202, 1252, 1302, 1352, 1402, 1452]}