{"my_iter5": [0.7201897018970189, 0.7710027100271003, 0.7886178861788617, 0.8048780487804879, 0.8035230352303523, 0.7987804878048781, 0.7987804878048781], "my_iter4": [0.7459349593495935, 0.7649051490514905, 0.787940379403794, 0.7899728997289973, 0.7960704607046071, 0.80420054200542, 0.801490514905149], "my_iter2": [0.7303523035230353, 0.7723577235772358, 0.7811653116531165, 0.7953929539295393, 0.801490514905149, 0.7967479674796748, 0.7987804878048781], "my_iter1": [0.736449864498645, 0.7560975609756098, 0.7831978319783198, 0.7865853658536586, 0.7886178861788617, 0.7831978319783198, 0.7859078590785907], "my_iter3": [0.7154471544715447, 0.7560975609756098, 0.7757452574525745, 0.7777777777777778, 0.7872628726287263, 0.7859078590785907, 0.7791327913279132], "hyper_range": [10, 20, 50, 100, 200, 300, 500]}