{"my_iter5": [0.7032520325203252, 0.7594850948509485, 0.7784552845528455, 0.7804878048780488, 0.785230352303523, 0.7784552845528455, 0.7831978319783198, 0.7771002710027101, 0.7818428184281843, 0.7784552845528455, 0.7899728997289973, 0.7798102981029811, 0.7831978319783198, 0.7818428184281843, 0.7818428184281843, 0.7791327913279132, 0.7831978319783198, 0.7845528455284553, 0.7818428184281843, 0.782520325203252, 0.7730352303523035, 0.7771002710027101, 0.7771002710027101, 0.7831978319783198, 0.7696476964769647, 0.7872628726287263, 0.7730352303523035, 0.782520325203252, 0.7737127371273713, 0.7737127371273713, 0.7710027100271003, 0.7757452574525745, 0.7784552845528455, 0.7811653116531165, 0.7703252032520326, 0.7777777777777778, 0.7771002710027101, 0.7710027100271003, 0.7730352303523035, 0.7737127371273713, 0.7730352303523035], "my_iter4": [0.7079945799457995, 0.763550135501355, 0.7730352303523035, 0.7818428184281843, 0.7920054200542005, 0.782520325203252, 0.782520325203252, 0.7872628726287263, 0.7892953929539296, 0.7926829268292683, 0.7926829268292683, 0.7933604336043361, 0.7920054200542005, 0.790650406504065, 0.7953929539295393, 0.7994579945799458, 0.7899728997289973, 0.7947154471544715, 0.7892953929539296, 0.7892953929539296, 0.7872628726287263, 0.7933604336043361, 0.790650406504065, 0.787940379403794, 0.7865853658536586, 0.7838753387533876, 0.7865853658536586, 0.7933604336043361, 0.8021680216802168, 0.7886178861788617, 0.7892953929539296, 0.7913279132791328, 0.7892953929539296, 0.7933604336043361, 0.7920054200542005, 0.7865853658536586, 0.7838753387533876, 0.7913279132791328, 0.7886178861788617, 0.7811653116531165, 0.7872628726287263], "my_iter2": [0.6944444444444444, 0.7567750677506775, 0.7594850948509485, 0.7649051490514905, 0.7703252032520326, 0.7737127371273713, 0.7730352303523035, 0.7649051490514905, 0.7723577235772358, 0.768970189701897, 0.7798102981029811, 0.7703252032520326, 0.7777777777777778, 0.771680216802168, 0.7676151761517616, 0.7696476964769647, 0.7696476964769647, 0.7730352303523035, 0.7750677506775068, 0.7682926829268293, 0.7703252032520326, 0.7703252032520326, 0.7696476964769647, 0.771680216802168, 0.768970189701897, 0.768970189701897, 0.7676151761517616, 0.7703252032520326, 0.768970189701897, 0.7696476964769647, 0.7642276422764228, 0.7676151761517616, 0.7682926829268293, 0.7621951219512195, 0.7621951219512195, 0.7642276422764228, 0.760840108401084, 0.7676151761517616, 0.763550135501355, 0.760840108401084, 0.760840108401084], "my_iter1": [0.7222222222222222, 0.7831978319783198, 0.787940379403794, 0.7892953929539296, 0.7947154471544715, 0.7899728997289973, 0.7974254742547425, 0.7974254742547425, 0.7974254742547425, 0.7920054200542005, 0.7920054200542005, 0.7899728997289973, 0.7886178861788617, 0.7920054200542005, 0.790650406504065, 0.7892953929539296, 0.7872628726287263, 0.7974254742547425, 0.7974254742547425, 0.7967479674796748, 0.7872628726287263, 0.7940379403794038, 0.790650406504065, 0.7920054200542005, 0.7892953929539296, 0.7926829268292683, 0.7899728997289973, 0.7859078590785907, 0.7838753387533876, 0.7831978319783198, 0.7831978319783198, 0.7892953929539296, 0.7859078590785907, 0.7899728997289973, 0.790650406504065, 0.785230352303523, 0.7831978319783198, 0.785230352303523, 0.7811653116531165, 0.7784552845528455, 0.7818428184281843], "my_iter3": [0.7195121951219512, 0.7771002710027101, 0.7899728997289973, 0.787940379403794, 0.7899728997289973, 0.7872628726287263, 0.7967479674796748, 0.7859078590785907, 0.7981029810298103, 0.7920054200542005, 0.7953929539295393, 0.7953929539295393, 0.7947154471544715, 0.7947154471544715, 0.7967479674796748, 0.785230352303523, 0.7892953929539296, 0.7913279132791328, 0.787940379403794, 0.785230352303523, 0.7892953929539296, 0.7886178861788617, 0.7831978319783198, 0.7953929539295393, 0.7818428184281843, 0.7804878048780488, 0.7818428184281843, 0.7913279132791328, 0.7865853658536586, 0.7791327913279132, 0.7831978319783198, 0.7777777777777778, 0.7798102981029811, 0.7804878048780488, 0.7818428184281843, 0.7831978319783198, 0.782520325203252, 0.785230352303523, 0.7859078590785907, 0.7791327913279132, 0.7777777777777778], "hyper_range": [2, 25, 50, 75, 100, 125, 150, 175, 200, 225, 250, 275, 300, 325, 350, 375, 400, 425, 450, 475, 500, 525, 550, 575, 600, 625, 650, 675, 700, 725, 750, 775, 800, 825, 850, 875, 900, 925, 950, 975, 1000]}